Index,Component,Thickness,Width,Length,BBoxVolume_cuin,CenterX,CenterY,CenterZ
1,T001015_MOLDBASE_ASM-1/T001015_A-PLATE-1,5.875,15.500,17.000,,2.941,0.000,0.000
2,T001015_MOLDBASE_ASM-1/T001015_B-PLATE-1,3.875,15.500,17.000,,-1.942,0.000,0.000
3,T001015_MOLDBASE_ASM-1/T001015_SC-BACKUP-PLATE-1,2.000,15.500,17.000,,-5.879,0.000,0.000
4,T001015_MOLDBASE_ASM-1/T001015_CLAMP-PLATE-1,1.375,15.500,17.000,,-12.067,0.000,0.000
5,T001015_MOLDBASE_ASM-1/T001015_SC-RETAINER-PLATE-1,1.000,15.500,17.000,,-4.379,0.000,0.000
6,T001015_MOLDBASE_ASM-1/T001015_EJ-BACKUP-PLATE-1,1.125,11.500,15.500,,-10.629,0.000,0.000
7,T001015_MOLDBASE_ASM-1/T001015_RAIL-BOTTOM-1,2.625,4.500,15.500,,-9.129,-7.188,0.000
8,T001015_MOLDBASE_ASM-1/T001015_RAIL-TOP-1,2.625,4.500,15.500,,-9.129,7.188,0.000
9,T001015_MOLDBASE_ASM-1/T001015_EJ-RET-PLATE-1,0.750,11.500,15.500,,-9.692,0.000,0.000
10,T001015_MOLDBASE_ASM-1/LDR-PIN_1-1-2OD-X-9-3-4_DME-1,1.740,1.740,9.750,,-2.004,6.000,-5.500
11,T001015_MOLDBASE_ASM-1/LDR-PIN_1-1-2OD-X-9-3-4_DME-2,1.740,1.740,9.750,,-2.004,-6.000,-5.500
12,T001015_MOLDBASE_ASM-1/LDR-PIN_1-1-2OD-X-9-3-4_DME-4,1.740,1.740,9.750,,-2.004,6.125,5.750
13,T001015_MOLDBASE_ASM-1/LDR-PIN_1-1-2OD-X-9-3-4_DME-3,1.740,1.740,9.750,,-2.004,-6.000,5.500
14,T001015_MOLDBASE_ASM-1/LBB_1-1-2ID-X-5_7-8_DME-4,2.177,2.177,5.875,,2.941,6.125,5.750
15,T001015_MOLDBASE_ASM-1/LBB_1-1-2ID-X-5_7-8_DME-3,2.177,2.177,5.875,,2.941,-6.000,5.500
16,T001015_MOLDBASE_ASM-1/LBB_1-1-2ID-X-5_7-8_DME-2,2.177,2.177,5.875,,2.941,-6.000,-5.500
17,T001015_MOLDBASE_ASM-1/LBB_1-1-2ID-X-5_7-8_DME-1,2.177,2.177,5.875,,2.941,6.000,-5.500
18,T001015_MOLDBASE_ASM-1/LBB_1-1-2ID-X-3_7-8_DME-4,2.177,2.177,3.875,,-1.941,6.125,5.750
19,T001015_MOLDBASE_ASM-1/LBB_1-1-2ID-X-3_7-8_DME-1,2.177,2.177,3.875,,-1.941,6.000,-5.500
20,T001015_MOLDBASE_ASM-1/LBB_1-1-2ID-X-3_7-8_DME-2,2.177,2.177,3.875,,-1.941,-6.000,-5.500
21,T001015_MOLDBASE_ASM-1/LBB_1-1-2ID-X-3_7-8_DME-3,2.177,2.177,3.875,,-1.941,-6.000,5.500
22,T001015_MOLDBASE_ASM-1/PILLAR_D2-X-4-5_T_DME-1,2.000,2.000,4.500,,-9.129,0.000,-4.000
23,T001015_MOLDBASE_ASM-1/PILLAR_D2-X-4-5_T_DME-4,2.000,2.000,4.500,,-9.129,-1.125,0.000
24,T001015_MOLDBASE_ASM-1/PILLAR_D2-X-4-5_T_DME-2,2.000,2.000,4.500,,-9.129,0.000,4.000
25,T001015_MOLDBASE_ASM-1/PILLAR_D2-X-4-5_T_DME-3,2.000,2.000,4.500,,-9.129,2.500,0.000
26,T001015_MOLDBASE_ASM-1/T001015_RETURN-PIN-2,1.000,1.000,10.067,,-5.033,4.000,-4.250
27,T001015_MOLDBASE_ASM-1/T001015_RETURN-PIN-3,1.000,1.000,10.067,,-5.033,-4.000,4.250
28,T001015_MOLDBASE_ASM-1/T001015_RETURN-PIN-1,1.000,1.000,10.067,,-5.033,4.250,4.375
29,T001015_MOLDBASE_ASM-1/T001015_RETURN-PIN-4,1.000,1.000,10.067,,-5.033,-4.000,-4.250
30,T001015_MOLDBASE_ASM-1/EJ_LDR_PIN_D-1-X-6-25_PCS-3,1.240,1.240,6.250,,-9.613,2.500,4.375
31,T001015_MOLDBASE_ASM-1/EJ_LDR_PIN_D-1-X-6-25_PCS-4,1.240,1.240,6.250,,-9.613,2.500,-4.250
32,T001015_MOLDBASE_ASM-1/EJ_LDR_PIN_D-1-X-6-25_PCS-2,1.240,1.240,6.250,,-9.613,-2.500,4.250
33,T001015_MOLDBASE_ASM-1/EJ_LDR_PIN_D-1-X-6-25_PCS-1,1.240,1.240,6.250,,-9.613,-2.500,-4.250
34,T001015_MOLDBASE_ASM-1/91259A230-2,1.000,1.000,8.375,,-7.004,4.000,3.000
35,T001015_MOLDBASE_ASM-1/91259A230-3,1.000,1.000,8.375,,-7.004,-4.000,3.000
36,T001015_MOLDBASE_ASM-1/91259A230-1,1.000,1.000,8.375,,-7.004,4.000,-3.000
37,T001015_MOLDBASE_ASM-1/91259A230-4,1.000,1.000,8.375,,-7.004,-4.000,-3.000
38,T001015_MOLDBASE_ASM-1/UNC-SHCS-5-8-X-6500-BOX-2,0.938,0.938,7.125,,-9.129,-6.875,-4.000
39,T001015_MOLDBASE_ASM-1/UNC-SHCS-5-8-X-6500-4,0.938,0.938,7.125,,-9.129,-6.875,-7.000
40,T001015_MOLDBASE_ASM-1/UNC-SHCS-5-8-X-6500-3,0.938,0.938,7.125,,-9.129,-6.875,7.000
41,T001015_MOLDBASE_ASM-1/UNC-SHCS-5-8-X-6500-6,0.938,0.938,7.125,,-9.129,-6.875,0.000
42,T001015_MOLDBASE_ASM-1/UNC-SHCS-5-8-X-6500-BOX-4,0.938,0.938,7.125,,-9.129,6.875,4.000
43,T001015_MOLDBASE_ASM-1/UNC-SHCS-5-8-X-6500-1,0.938,0.938,7.125,,-9.129,6.875,-7.000
44,T001015_MOLDBASE_ASM-1/UNC-SHCS-5-8-X-6500-5,0.938,0.938,7.125,,-9.129,6.875,0.000
45,T001015_MOLDBASE_ASM-1/UNC-SHCS-5-8-X-6500-2,0.938,0.938,7.125,,-9.129,6.875,7.000
46,T001015_MOLDBASE_ASM-1/UNC-SHCS-5-8-X-6500-BOX-1,0.938,0.938,7.125,,-9.129,-6.875,4.000
47,T001015_MOLDBASE_ASM-1/UNC-SHCS-5-8-X-6500-BOX-3,0.938,0.938,7.125,,-9.129,6.875,-4.000
48,T0010115_LATCH-LOCK_ASM-4/T001015_PLC75-7-GBA_ASM-1/T001015_PLC75-GB-1,0.750,1.500,4.250,,-2.984,-2.250,-8.500
49,T0010115_LATCH-LOCK_ASM-2/T001015_PLC75-7-GBA_ASM-1/T001015_PLC75-GB-1,0.750,1.500,4.250,,-2.984,2.250,-8.500
50,T0010115_LATCH-LOCK_ASM-1/T001015_PLC75-7-GBA_ASM-1/T001015_PLC75-GB-1,0.750,1.500,4.250,,-2.984,2.250,8.500
51,T0010115_LATCH-LOCK_ASM-3/T001015_PLC75-7-GBA_ASM-1/T001015_PLC75-GB-1,0.750,1.500,4.250,,-2.984,-2.250,8.500
52,T001015_MOLDBASE_ASM-1/GEB_1ID-X-1-3-8OD_DME-2,1.552,1.552,1.750,,-10.311,2.500,4.375
53,T001015_MOLDBASE_ASM-1/GEB_1ID-X-1-3-8OD_DME-4,1.552,1.552,1.750,,-10.311,-2.500,-4.250
54,T001015_MOLDBASE_ASM-1/GEB_1ID-X-1-3-8OD_DME-3,1.552,1.552,1.750,,-10.311,-2.500,4.250
55,T001015_MOLDBASE_ASM-1/GEB_1ID-X-1-3-8OD_DME-1,1.552,1.552,1.750,,-10.311,2.500,-4.250
56,T0010115_LATCH-LOCK_ASM-4/T001015_PLC75-S_KIT_ASM-1/T001015_PLC75-S-02-1,0.750,0.750,7.000,,-7.609,-2.250,-8.155
57,T0010115_LATCH-LOCK_ASM-1/T001015_PLC75-S_KIT_ASM-1/T001015_PLC75-S-02-1,0.750,0.750,7.000,,-7.609,2.250,8.155
58,T0010115_LATCH-LOCK_ASM-2/T001015_PLC75-S_KIT_ASM-1/T001015_PLC75-S-02-1,0.750,0.750,7.000,,-7.609,2.250,-8.155
59,T0010115_LATCH-LOCK_ASM-3/T001015_PLC75-S_KIT_ASM-1/T001015_PLC75-S-02-1,0.750,0.750,7.000,,-7.609,-2.250,8.155
60,PROGRESSIVE-SAFETY-STRAP_ASM-1/PROGRESSIVE-SAFTEY-STRAP-1,0.750,1.370,3.370,,0.000,8.875,-5.875
61,PROGRESSIVE-SAFETY-STRAP_ASM-2/PROGRESSIVE-SAFTEY-STRAP-1,0.750,1.370,3.370,,-4.379,8.875,-5.875
62,T001015_MOLDBASE_ASM-1/91259A804-2,0.875,0.875,3.625,,-4.942,-4.000,5.500
63,T001015_MOLDBASE_ASM-1/91259A804-1,0.875,0.875,3.625,,-4.942,4.000,5.500
64,T001015_MOLDBASE_ASM-1/91259A804-3,0.875,0.875,3.625,,-4.942,-4.000,-5.500
65,T001015_MOLDBASE_ASM-1/91259A804-4,0.875,0.875,3.625,,-4.942,4.000,-5.500
66,WP_375_5-000-5,0.675,0.675,5.000,,3.500,0.500,6.927
67,WP_375_5-000-2,0.675,0.675,5.000,,-1.000,0.000,6.927
68,WP_375_5-000-1,0.675,0.675,5.000,,-1.000,-2.250,6.927
69,WP_375_5-000-6,0.675,0.675,5.000,,0.750,-1.375,6.927
70,WP_375_5-000-3,0.675,0.675,5.000,,0.750,2.375,-6.939
71,WP_375_5-000-4,0.675,0.675,5.000,,1.710,0.500,-6.927
72,T001015_MOLDBASE_ASM-1/HKO_L1_9-16_TAP_3-4-10-1,0.875,1.010,2.422,,-11.533,5.118,0.000
73,T001015_MOLDBASE_ASM-1/HKO_L1_9-16_TAP_3-4-10-2,0.875,1.010,2.422,,-11.533,-5.118,0.000
74,T0010115_LATCH-LOCK_ASM-4/T001015_PLC75-7-GBA_ASM-1/T001015_PLC75-CB7-1,0.500,0.750,5.675,,-4.015,-2.905,-8.125
75,T0010115_LATCH-LOCK_ASM-2/T001015_PLC75-7-GBA_ASM-1/T001015_PLC75-CB7-1,0.500,0.750,5.675,,-4.015,1.595,-8.125
76,T0010115_LATCH-LOCK_ASM-1/T001015_PLC75-7-GBA_ASM-1/T001015_PLC75-CB7-1,0.500,0.750,5.675,,-4.015,2.905,8.125
77,T0010115_LATCH-LOCK_ASM-1/T001015_PLC75-7-GBA_ASM-1/T001015_PLC75-CB7-2,0.500,0.750,5.675,,-4.015,1.595,8.125
78,T0010115_LATCH-LOCK_ASM-2/T001015_PLC75-7-GBA_ASM-1/T001015_PLC75-CB7-2,0.500,0.750,5.675,,-4.015,2.905,-8.125
79,T0010115_LATCH-LOCK_ASM-4/T001015_PLC75-7-GBA_ASM-1/T001015_PLC75-CB7-2,0.500,0.750,5.675,,-4.015,-1.595,-8.125
80,T0010115_LATCH-LOCK_ASM-3/T001015_PLC75-7-GBA_ASM-1/T001015_PLC75-CB7-1,0.500,0.750,5.675,,-4.015,-1.595,8.125
81,T0010115_LATCH-LOCK_ASM-3/T001015_PLC75-7-GBA_ASM-1/T001015_PLC75-CB7-2,0.500,0.750,5.675,,-4.015,-2.905,8.125
82,T0010115_LATCH-LOCK_ASM-1/T001015_PLC75-7-GBA_ASM-1/T001015_PLC75-WBA_ASM-1/T001015_PLC75-TG-1,0.750,0.900,3.000,,-3.234,2.250,7.300
83,T0010115_LATCH-LOCK_ASM-2/T001015_PLC75-7-GBA_ASM-1/T001015_PLC75-WBA_ASM-1/T001015_PLC75-TG-1,0.750,0.900,3.000,,-3.234,2.250,-7.300
84,T0010115_LATCH-LOCK_ASM-3/T001015_PLC75-7-GBA_ASM-1/T001015_PLC75-WBA_ASM-1/T001015_PLC75-TG-1,0.750,0.900,3.000,,-3.234,-2.250,7.300
85,T0010115_LATCH-LOCK_ASM-4/T001015_PLC75-7-GBA_ASM-1/T001015_PLC75-WBA_ASM-1/T001015_PLC75-TG-1,0.750,0.900,3.000,,-3.234,-2.250,-7.300
86,T001015_INSERT-ASSEMBLY_ASM-1/UNC-SHCS-1-2-X-2250-4,0.750,0.750,2.750,,-2.441,2.850,3.000
87,T001015_INSERT-ASSEMBLY_ASM-1/UNC-SHCS-1-2-X-2250-2,0.750,0.750,2.750,,-2.441,-2.525,-4.375
88,T001015_INSERT-ASSEMBLY_ASM-1/UNC-SHCS-1-2-X-2250-1,0.750,0.750,2.750,,-2.441,2.850,-3.000
89,T001015_INSERT-ASSEMBLY_ASM-1/UNC-SHCS-1-2-X-2250-3,0.750,0.750,2.750,,-2.441,-1.150,4.375
90,T001015_MOLDBASE_ASM-1/UNC-SHCS-1-2-X-2000-2,0.750,0.750,2.500,,-11.441,6.875,2.000
91,T001015_MOLDBASE_ASM-1/UNC-SHCS-1-2-X-2000-3,0.750,0.750,2.500,,-11.441,-6.875,2.000
92,T001015_MOLDBASE_ASM-1/UNC-SHCS-1-2-X-2000-4,0.750,0.750,2.500,,-11.441,-6.875,-2.000
93,T001015_MOLDBASE_ASM-1/UNC-SHCS-1-2-X-2000-1,0.750,0.750,2.500,,-11.441,6.875,-2.000
94,T001015_INSERT-ASSEMBLY_ASM-1/UNC-SHCS-1-2-X-1750-3,0.750,0.750,2.250,,4.691,-2.525,-4.250
95,T001015_INSERT-ASSEMBLY_ASM-1/UNC-SHCS-1-2-X-1750-1,0.750,0.750,2.250,,4.691,1.600,4.250
96,T001015_INSERT-ASSEMBLY_ASM-1/UNC-SHCS-1-2-X-1750-2,0.750,0.750,2.250,,4.691,-2.525,4.250
97,T001015_INSERT-ASSEMBLY_ASM-1/UNC-SHCS-1-2-X-1750-4,0.750,0.750,2.250,,4.691,1.600,-4.250
98,T001015_MOLDBASE_ASM-1/UNC-SHCS-1-2-X-1500-8,0.750,0.750,2.000,,-4.942,7.750,0.000
99,T001015_MOLDBASE_ASM-1/UNC-SHCS-1-2-X-1500-11,0.750,0.750,2.000,,-4.942,0.000,-7.000
100,T001015_MOLDBASE_ASM-1/UNC-SHCS-1-2-X-1500-1,0.750,0.750,2.000,,-4.942,7.750,5.000
101,T001015_MOLDBASE_ASM-1/UNC-SHCS-1-2-X-1500-2,0.750,0.750,2.000,,-4.942,-7.750,5.000
102,T001015_MOLDBASE_ASM-1/UNC-SHCS-1-2-X-1500-6,0.750,0.750,2.000,,-4.942,0.000,7.000
103,T001015_MOLDBASE_ASM-1/UNC-SHCS-1-2-X-1500-10,0.750,0.750,2.000,,-4.942,4.000,-7.000
104,T001015_MOLDBASE_ASM-1/UNC-SHCS-1-2-X-1500-13,0.750,0.750,2.000,,-4.942,0.000,0.000
105,T001015_MOLDBASE_ASM-1/UNC-SHCS-1-2-X-1500-9,0.750,0.750,2.000,,-4.942,7.750,-5.000
106,T001015_MOLDBASE_ASM-1/UNC-SHCS-1-2-X-1500-7,0.750,0.750,2.000,,-4.942,4.000,7.000
107,T001015_MOLDBASE_ASM-1/UNC-SHCS-1-2-X-1500-4,0.750,0.750,2.000,,-4.942,-7.750,-5.000
108,T001015_MOLDBASE_ASM-1/UNC-SHCS-1-2-X-1500-3,0.750,0.750,2.000,,-4.942,-7.750,0.000
109,T001015_MOLDBASE_ASM-1/UNC-SHCS-1-2-X-1500-5,0.750,0.750,2.000,,-4.942,-4.000,7.000
110,T001015_MOLDBASE_ASM-1/UNC-SHCS-1-2-X-1500-12,0.750,0.750,2.000,,-4.942,-4.000,-7.000
111,PROGRESSIVE-SAFETY-STRAP_ASM-1/UNC-SHCS-1-2-X-1000-2,0.750,0.750,1.500,,1.000,8.437,-5.875
112,PROGRESSIVE-SAFETY-STRAP_ASM-2/UNC-SHCS-1-2-X-1000-2,0.750,0.750,1.500,,-3.379,8.437,-5.875
113,PROGRESSIVE-SAFETY-STRAP_ASM-2/UNC-SHCS-1-2-X-1000-1,0.750,0.750,1.500,,-5.379,8.437,-5.875
114,PROGRESSIVE-SAFETY-STRAP_ASM-1/UNC-SHCS-1-2-X-1000-1,0.750,0.750,1.500,,-1.000,8.437,-5.875
115,T0010115_LATCH-LOCK_ASM-1/T001015_PLC75-7-GBA_ASM-1/T001015_PLC75-WBA_ASM-1/T001015_PLC75-WB-1,0.499,0.870,1.900,,-3.360,2.250,7.482
116,T0010115_LATCH-LOCK_ASM-4/T001015_PLC75-7-GBA_ASM-1/T001015_PLC75-WBA_ASM-1/T001015_PLC75-WB-1,0.499,0.870,1.900,,-3.360,-2.250,-7.482
117,T0010115_LATCH-LOCK_ASM-2/T001015_PLC75-7-GBA_ASM-1/T001015_PLC75-WBA_ASM-1/T001015_PLC75-WB-1,0.499,0.870,1.900,,-3.360,2.250,-7.482
118,T0010115_LATCH-LOCK_ASM-3/T001015_PLC75-7-GBA_ASM-1/T001015_PLC75-WBA_ASM-1/T001015_PLC75-WB-1,0.499,0.870,1.900,,-3.360,-2.250,7.482
119,T001015_MOLDBASE_ASM-1/UNC-SHCS-3-8-X-2000-1,0.562,0.562,2.375,,-11.536,0.000,-4.000
120,T001015_MOLDBASE_ASM-1/UNC-SHCS-3-8-X-2000-2,0.562,0.562,2.375,,-11.536,0.000,4.000
121,T001015_MOLDBASE_ASM-1/UNC-SHCS-3-8-X-2000-4,0.562,0.562,2.375,,-11.536,-1.125,0.000
122,T001015_MOLDBASE_ASM-1/UNC-SHCS-3-8-X-2000-3,0.562,0.562,2.375,,-11.536,2.500,0.000
123,T0010115_LATCH-LOCK_ASM-4/T001015_PLC75-7-GBA_ASM-1/T001015_PLC75-WBA_ASM-1/T001015_PLC75-GP-1,0.250,0.900,3.000,,-3.734,-2.250,-7.300
124,T0010115_LATCH-LOCK_ASM-1/T001015_PLC75-7-GBA_ASM-1/T001015_PLC75-WBA_ASM-1/T001015_PLC75-GP-1,0.250,0.900,3.000,,-3.734,2.250,7.300
125,T0010115_LATCH-LOCK_ASM-3/T001015_PLC75-7-GBA_ASM-1/T001015_PLC75-WBA_ASM-1/T001015_PLC75-GP-1,0.250,0.900,3.000,,-3.734,-2.250,7.300
126,T0010115_LATCH-LOCK_ASM-2/T001015_PLC75-7-GBA_ASM-1/T001015_PLC75-WBA_ASM-1/T001015_PLC75-GP-1,0.250,0.900,3.000,,-3.734,2.250,-7.300
127,T001015_MOLDBASE_ASM-1/UNC-SHCS-3-8-X-1250-7,0.562,0.562,1.625,,-10.349,-5.250,-2.000
128,T001015_MOLDBASE_ASM-1/UNC-SHCS-3-8-X-1250-11,0.562,0.562,1.625,,-10.349,5.250,5.000
129,T001015_MOLDBASE_ASM-1/UNC-SHCS-3-8-X-1250-1,0.562,0.562,1.625,,-10.349,1.500,-7.250
130,T001015_MOLDBASE_ASM-1/UNC-SHCS-3-8-X-1250-9,0.562,0.562,1.625,,-10.349,5.250,-5.000
131,T001015_MOLDBASE_ASM-1/UNC-SHCS-3-8-X-1250-12,0.562,0.562,1.625,,-10.349,-5.250,5.000
132,T001015_MOLDBASE_ASM-1/UNC-SHCS-3-8-X-1250-6,0.562,0.562,1.625,,-10.349,5.250,2.000
133,T001015_MOLDBASE_ASM-1/UNC-SHCS-3-8-X-1250-3,0.562,0.562,1.625,,-10.349,1.500,7.250
134,T001015_MOLDBASE_ASM-1/UNC-SHCS-3-8-X-1250-8,0.562,0.562,1.625,,-10.349,-5.250,2.000
135,T001015_MOLDBASE_ASM-1/UNC-SHCS-3-8-X-1250-2,0.562,0.562,1.625,,-10.349,-1.500,-7.250
136,T001015_MOLDBASE_ASM-1/UNC-SHCS-3-8-X-1250-4,0.562,0.562,1.625,,-10.349,-1.500,7.250
137,T001015_MOLDBASE_ASM-1/UNC-SHCS-3-8-X-1250-10,0.562,0.562,1.625,,-10.349,-5.250,-5.000
138,T001015_MOLDBASE_ASM-1/UNC-SHCS-3-8-X-1250-5,0.562,0.562,1.625,,-10.349,5.250,-2.000
139,T001015_MOLDBASE_ASM-1/TUBE_DOWEL_D0875_L0500-1,0.500,0.875,0.875,,-6.879,-6.875,-4.000
140,T001015_MOLDBASE_ASM-1/TUBE_DOWEL_D0875_L0500-5,0.500,0.875,0.875,,-11.379,-6.875,4.000
141,T001015_MOLDBASE_ASM-1/TUBE_DOWEL_D0875_L0500-6,0.500,0.875,0.875,,-11.379,-6.875,-4.000
142,T001015_MOLDBASE_ASM-1/TUBE_DOWEL_D0875_L0500-4,0.500,0.875,0.875,,-6.879,6.875,-4.000
143,T001015_MOLDBASE_ASM-1/TUBE_DOWEL_D0875_L0500-8,0.500,0.875,0.875,,-11.379,6.875,4.000
144,T001015_MOLDBASE_ASM-1/TUBE_DOWEL_D0875_L0500-2,0.500,0.875,0.875,,-6.879,-6.875,4.000
145,T001015_MOLDBASE_ASM-1/TUBE_DOWEL_D0875_L0500-7,0.500,0.875,0.875,,-11.379,6.875,-4.000
146,T001015_MOLDBASE_ASM-1/TUBE_DOWEL_D0875_L0500-3,0.500,0.875,0.875,,-6.879,6.875,4.000
147,T0010115_LATCH-LOCK_ASM-1/T001015_PLC75-S_KIT_ASM-1/T001015_PLC75-S-01-1,0.625,0.750,0.750,,-3.922,2.250,8.155
148,T0010115_LATCH-LOCK_ASM-4/T001015_PLC75-S_KIT_ASM-1/T001015_PLC75-S-01-1,0.625,0.750,0.750,,-3.922,-2.250,-8.155
149,T0010115_LATCH-LOCK_ASM-3/T001015_PLC75-S_KIT_ASM-1/T001015_PLC75-S-01-1,0.625,0.750,0.750,,-3.922,-2.250,8.155
150,T0010115_LATCH-LOCK_ASM-2/T001015_PLC75-S_KIT_ASM-1/T001015_PLC75-S-01-1,0.625,0.750,0.750,,-3.922,2.250,-8.155
151,UNC-SHCS-1-4-X-2000_-2,0.375,0.375,2.250,,-2.724,-4.056,-0.423
152,UNC-SHCS-1-4-X-2000_-1,0.375,0.375,2.250,,-2.724,-2.330,-0.574
153,UNC-SHCS-1-4-X-2000_-3,0.375,0.375,2.250,,-2.724,-3.062,0.996
154,T0010115_LATCH-LOCK_ASM-1/T001015_PLC75-7-GBA_ASM-1/UNC-SHCS-1-4-X-1625-2,0.375,0.375,1.875,,-2.984,4.063,8.283
155,T0010115_LATCH-LOCK_ASM-2/T001015_PLC75-7-GBA_ASM-1/UNC-SHCS-1-4-X-1625-2,0.375,0.375,1.875,,-2.984,0.438,-8.283
156,T0010115_LATCH-LOCK_ASM-4/T001015_PLC75-7-GBA_ASM-1/UNC-SHCS-1-4-X-1625-1,0.375,0.375,1.875,,-2.984,-0.438,-8.283
157,T0010115_LATCH-LOCK_ASM-3/T001015_PLC75-7-GBA_ASM-1/UNC-SHCS-1-4-X-1625-1,0.375,0.375,1.875,,-2.984,-4.063,8.283
158,T0010115_LATCH-LOCK_ASM-3/T001015_PLC75-7-GBA_ASM-1/UNC-SHCS-1-4-X-1625-2,0.375,0.375,1.875,,-2.984,-0.438,8.283
159,T0010115_LATCH-LOCK_ASM-4/T001015_PLC75-7-GBA_ASM-1/UNC-SHCS-1-4-X-1625-2,0.375,0.375,1.875,,-2.984,-4.063,-8.283
160,T0010115_LATCH-LOCK_ASM-2/T001015_PLC75-7-GBA_ASM-1/UNC-SHCS-1-4-X-1625-1,0.375,0.375,1.875,,-2.984,4.063,-8.283
161,T0010115_LATCH-LOCK_ASM-1/T001015_PLC75-7-GBA_ASM-1/UNC-SHCS-1-4-X-1625-1,0.375,0.375,1.875,,-2.984,0.438,8.283
162,T0010115_LATCH-LOCK_ASM-3/T001015_PLC75-7-GBA_ASM-1/T001015_PLC75-WBA_ASM-1/UNC-LHCS-1-4-X-1250-2,0.375,0.375,1.375,,-3.162,-3.470,7.300
163,T0010115_LATCH-LOCK_ASM-4/T001015_PLC75-7-GBA_ASM-1/T001015_PLC75-WBA_ASM-1/UNC-LHCS-1-4-X-1250-2,0.375,0.375,1.375,,-3.162,-1.030,-7.300
164,T0010115_LATCH-LOCK_ASM-1/T001015_PLC75-7-GBA_ASM-1/T001015_PLC75-WBA_ASM-1/UNC-LHCS-1-4-X-1250-2,0.375,0.375,1.375,,-3.162,1.030,7.300
165,T0010115_LATCH-LOCK_ASM-4/T001015_PLC75-7-GBA_ASM-1/T001015_PLC75-WBA_ASM-1/UNC-LHCS-1-4-X-1250-1,0.375,0.375,1.375,,-3.162,-3.470,-7.300
166,T0010115_LATCH-LOCK_ASM-3/T001015_PLC75-7-GBA_ASM-1/T001015_PLC75-WBA_ASM-1/UNC-LHCS-1-4-X-1250-1,0.375,0.375,1.375,,-3.162,-1.030,7.300
167,T0010115_LATCH-LOCK_ASM-1/T001015_PLC75-7-GBA_ASM-1/T001015_PLC75-WBA_ASM-1/UNC-LHCS-1-4-X-1250-1,0.375,0.375,1.375,,-3.162,3.470,7.300
168,T0010115_LATCH-LOCK_ASM-2/T001015_PLC75-7-GBA_ASM-1/T001015_PLC75-WBA_ASM-1/UNC-LHCS-1-4-X-1250-1,0.375,0.375,1.375,,-3.162,1.030,-7.300
169,T0010115_LATCH-LOCK_ASM-2/T001015_PLC75-7-GBA_ASM-1/T001015_PLC75-WBA_ASM-1/UNC-LHCS-1-4-X-1250-2,0.375,0.375,1.375,,-3.162,3.470,-7.300
170,T001015_MOLDBASE_ASM-1/TLP75-3,0.188,1.000,1.000,,-11.285,-3.000,2.000
171,T001015_MOLDBASE_ASM-1/TLP75-7,0.188,1.000,1.000,,-11.285,4.000,-4.250
172,T001015_MOLDBASE_ASM-1/TLP75-1,0.188,1.000,1.000,,-11.285,-4.000,4.250
173,T001015_MOLDBASE_ASM-1/TLP75-5,0.188,1.000,1.000,,-11.285,3.000,-2.000
174,T001015_MOLDBASE_ASM-1/TLP75-6,0.188,1.000,1.000,,-11.285,4.250,4.375
175,T001015_MOLDBASE_ASM-1/TLP75-2,0.188,1.000,1.000,,-11.285,3.000,2.000
176,T001015_MOLDBASE_ASM-1/TLP75-4,0.188,1.000,1.000,,-11.285,-3.000,-2.000
177,T001015_MOLDBASE_ASM-1/TLP75-8,0.188,1.000,1.000,,-11.285,-4.000,-4.250
178,T0010115_LATCH-LOCK_ASM-3/T001015_PLC75-S_KIT_ASM-1/UNC-SHCS-1-4-X-1000-2,0.375,0.375,1.250,,-10.859,-2.400,7.875
179,T0010115_LATCH-LOCK_ASM-2/T001015_PLC75-7-GBA_ASM-1/UNC-SHCS-1-4-X-1000-1,0.375,0.375,1.250,,-6.477,1.595,-7.845
180,T0010115_LATCH-LOCK_ASM-3/T001015_PLC75-S_KIT_ASM-1/UNC-SHCS-1-4-X-1000-1,0.375,0.375,1.250,,-10.359,-2.100,7.875
181,T0010115_LATCH-LOCK_ASM-2/T001015_PLC75-S_KIT_ASM-1/UNC-SHCS-1-4-X-1000-1,0.375,0.375,1.250,,-10.359,2.100,-7.875
182,T0010115_LATCH-LOCK_ASM-2/T001015_PLC75-7-GBA_ASM-1/UNC-SHCS-1-4-X-1000-4,0.375,0.375,1.250,,-5.727,2.905,-7.845
183,T0010115_LATCH-LOCK_ASM-4/T001015_PLC75-7-GBA_ASM-1/UNC-SHCS-1-4-X-1000-1,0.375,0.375,1.250,,-6.477,-2.905,-7.845
184,T0010115_LATCH-LOCK_ASM-1/T001015_PLC75-S_KIT_ASM-1/UNC-SHCS-1-4-X-1000-2,0.375,0.375,1.250,,-10.859,2.100,7.875
185,T0010115_LATCH-LOCK_ASM-4/T001015_PLC75-7-GBA_ASM-1/UNC-SHCS-1-4-X-1000-4,0.375,0.375,1.250,,-5.727,-1.595,-7.845
186,T0010115_LATCH-LOCK_ASM-1/T001015_PLC75-S_KIT_ASM-1/UNC-SHCS-1-4-X-1000-1,0.375,0.375,1.250,,-10.359,2.400,7.875
187,T0010115_LATCH-LOCK_ASM-4/T001015_PLC75-S_KIT_ASM-1/UNC-SHCS-1-4-X-1000-2,0.375,0.375,1.250,,-10.859,-2.100,-7.875
188,T0010115_LATCH-LOCK_ASM-3/T001015_PLC75-7-GBA_ASM-1/UNC-SHCS-1-4-X-1000-3,0.375,0.375,1.250,,-6.477,-2.905,7.845
189,T0010115_LATCH-LOCK_ASM-3/T001015_PLC75-7-GBA_ASM-1/UNC-SHCS-1-4-X-1000-2,0.375,0.375,1.250,,-5.727,-1.595,7.845
190,T0010115_LATCH-LOCK_ASM-1/T001015_PLC75-7-GBA_ASM-1/UNC-SHCS-1-4-X-1000-3,0.375,0.375,1.250,,-6.477,1.595,7.845
191,T0010115_LATCH-LOCK_ASM-1/T001015_PLC75-7-GBA_ASM-1/UNC-SHCS-1-4-X-1000-2,0.375,0.375,1.250,,-5.727,2.905,7.845
192,T0010115_LATCH-LOCK_ASM-3/T001015_PLC75-7-GBA_ASM-1/UNC-SHCS-1-4-X-1000-1,0.375,0.375,1.250,,-6.477,-1.595,7.845
193,T0010115_LATCH-LOCK_ASM-3/T001015_PLC75-7-GBA_ASM-1/UNC-SHCS-1-4-X-1000-4,0.375,0.375,1.250,,-5.727,-2.905,7.845
194,T0010115_LATCH-LOCK_ASM-4/T001015_PLC75-7-GBA_ASM-1/UNC-SHCS-1-4-X-1000-3,0.375,0.375,1.250,,-6.477,-1.595,-7.845
195,T0010115_LATCH-LOCK_ASM-2/T001015_PLC75-7-GBA_ASM-1/UNC-SHCS-1-4-X-1000-3,0.375,0.375,1.250,,-6.477,2.905,-7.845
196,T0010115_LATCH-LOCK_ASM-1/T001015_PLC75-7-GBA_ASM-1/UNC-SHCS-1-4-X-1000-1,0.375,0.375,1.250,,-6.477,2.905,7.845
197,T0010115_LATCH-LOCK_ASM-1/T001015_PLC75-7-GBA_ASM-1/UNC-SHCS-1-4-X-1000-4,0.375,0.375,1.250,,-5.727,1.595,7.845
198,T0010115_LATCH-LOCK_ASM-2/T001015_PLC75-7-GBA_ASM-1/UNC-SHCS-1-4-X-1000-2,0.375,0.375,1.250,,-5.727,1.595,-7.845
199,T0010115_LATCH-LOCK_ASM-4/T001015_PLC75-S_KIT_ASM-1/UNC-SHCS-1-4-X-1000-1,0.375,0.375,1.250,,-10.359,-2.400,-7.875
200,T0010115_LATCH-LOCK_ASM-4/T001015_PLC75-7-GBA_ASM-1/UNC-SHCS-1-4-X-1000-2,0.375,0.375,1.250,,-5.727,-2.905,-7.845
201,T0010115_LATCH-LOCK_ASM-2/T001015_PLC75-S_KIT_ASM-1/UNC-SHCS-1-4-X-1000-2,0.375,0.375,1.250,,-10.859,2.400,-7.875
202,T001015_MOLDBASE_ASM-1/UNF-FHCS-1-4-X-0500-3,0.480,0.480,0.500,,-3.614,-6.000,-6.745
203,T001015_MOLDBASE_ASM-1/UNF-FHCS-1-4-X-0500-4,0.480,0.480,0.500,,-3.614,-6.000,6.745
204,T001015_MOLDBASE_ASM-1/UNC-FHCS-1-4-X-0500-2,0.480,0.480,0.500,,-11.457,3.000,2.000
205,T001015_MOLDBASE_ASM-1/UNC-FHCS-1-4-X-0500-4,0.480,0.480,0.500,,-11.457,-3.000,-2.000
206,T001015_MOLDBASE_ASM-1/UNC-FHCS-1-4-X-0500-5,0.480,0.480,0.500,,-11.457,3.000,-2.000
207,T001015_MOLDBASE_ASM-1/UNC-FHCS-1-4-X-0500-6,0.480,0.480,0.500,,-11.457,4.250,4.375
208,T001015_MOLDBASE_ASM-1/UNC-FHCS-1-4-X-0500-7,0.480,0.480,0.500,,-11.457,4.000,-4.250
209,T001015_MOLDBASE_ASM-1/UNC-FHCS-1-4-X-0500-3,0.480,0.480,0.500,,-11.457,-3.000,2.000
210,T001015_MOLDBASE_ASM-1/UNF-FHCS-1-4-X-0500-1,0.480,0.480,0.500,,-3.614,6.000,-6.745
211,T001015_MOLDBASE_ASM-1/UNC-FHCS-1-4-X-0500-8,0.480,0.480,0.500,,-11.457,-4.000,-4.250
212,T001015_MOLDBASE_ASM-1/UNF-FHCS-1-4-X-0500-2,0.480,0.480,0.500,,-3.614,6.125,6.995
213,T001015_MOLDBASE_ASM-1/UNC-FHCS-1-4-X-0500-1,0.480,0.480,0.500,,-11.457,-4.000,4.250
214,T0010115_LATCH-LOCK_ASM-1/T001015_PLC75-7-GBA_ASM-1/T001015_PLC75-WBA_ASM-1/T001015_250X1-SPRING-1,0.332,0.334,1.003,,-3.359,1.750,7.047
215,T0010115_LATCH-LOCK_ASM-1/T001015_PLC75-7-GBA_ASM-1/T001015_PLC75-WBA_ASM-1/T001015_250X1-SPRING-2,0.332,0.334,1.003,,-3.360,2.750,7.047
216,T0010115_LATCH-LOCK_ASM-3/T001015_PLC75-7-GBA_ASM-1/T001015_PLC75-WBA_ASM-1/T001015_250X1-SPRING-1,0.332,0.334,1.003,,-3.359,-2.750,7.047
217,T0010115_LATCH-LOCK_ASM-3/T001015_PLC75-7-GBA_ASM-1/T001015_PLC75-WBA_ASM-1/T001015_250X1-SPRING-2,0.332,0.334,1.003,,-3.360,-1.750,7.047
218,T0010115_LATCH-LOCK_ASM-4/T001015_PLC75-7-GBA_ASM-1/T001015_PLC75-WBA_ASM-1/T001015_250X1-SPRING-2,0.332,0.334,1.003,,-3.360,-2.750,-7.047
219,T0010115_LATCH-LOCK_ASM-2/T001015_PLC75-7-GBA_ASM-1/T001015_PLC75-WBA_ASM-1/T001015_250X1-SPRING-1,0.332,0.334,1.003,,-3.359,2.750,-7.047
220,T0010115_LATCH-LOCK_ASM-2/T001015_PLC75-7-GBA_ASM-1/T001015_PLC75-WBA_ASM-1/T001015_250X1-SPRING-2,0.332,0.334,1.003,,-3.360,1.750,-7.047
221,T0010115_LATCH-LOCK_ASM-4/T001015_PLC75-7-GBA_ASM-1/T001015_PLC75-WBA_ASM-1/T001015_250X1-SPRING-1,0.332,0.334,1.003,,-3.359,-1.750,-7.047
222,T0010115_LATCH-LOCK_ASM-1/T001015_PLC75-S_KIT_ASM-1/UNF-SHCS-M-10-X-0750-1,0.312,0.312,0.940,,-4.109,2.250,8.155
223,T0010115_LATCH-LOCK_ASM-2/T001015_PLC75-S_KIT_ASM-1/UNF-SHCS-M-10-X-0750-1,0.312,0.312,0.940,,-4.109,2.250,-8.155
224,T0010115_LATCH-LOCK_ASM-4/T001015_PLC75-S_KIT_ASM-1/UNF-SHCS-M-10-X-0750-1,0.312,0.312,0.940,,-4.109,-2.250,-8.155
225,T0010115_LATCH-LOCK_ASM-3/T001015_PLC75-S_KIT_ASM-1/UNF-SHCS-M-10-X-0750-1,0.312,0.312,0.940,,-4.109,-2.250,8.155
226,UNF-FHCS-M-10-X-0625-2,0.359,0.359,0.625,,5.547,-5.709,0.000
227,UNF-FHCS-M-10-X-0625-3,0.359,0.359,0.625,,5.547,-1.870,-2.216
228,UNF-FHCS-M-10-X-0625-1,0.359,0.359,0.625,,5.547,-1.870,2.216
229,T0010115_LATCH-LOCK_ASM-3/T001015_PLC75-S_KIT_ASM-1/T001015_PLC75-S-03-1,0.030,0.750,1.600,,-10.309,-2.250,7.765
230,T0010115_LATCH-LOCK_ASM-4/T001015_PLC75-S_KIT_ASM-1/T001015_PLC75-S-03-1,0.030,0.750,1.600,,-10.309,-2.250,-7.765
231,T0010115_LATCH-LOCK_ASM-2/T001015_PLC75-S_KIT_ASM-1/T001015_PLC75-S-03-1,0.030,0.750,1.600,,-10.309,2.250,-7.765
232,T0010115_LATCH-LOCK_ASM-1/T001015_PLC75-S_KIT_ASM-1/T001015_PLC75-S-03-1,0.030,0.750,1.600,,-10.309,2.250,7.765
233,T0010115_LATCH-LOCK_ASM-3/T001015_PLC75-S_KIT_ASM-1/DOWEL_PIN-DME_D0188_L0500-1,0.188,0.188,0.500,,-10.859,-2.050,7.780
234,T0010115_LATCH-LOCK_ASM-4/T001015_PLC75-7-GBA_ASM-1/DOWEL_PIN_D0188_L0500-4,0.188,0.188,0.500,,-5.352,-1.595,-7.750
235,T0010115_LATCH-LOCK_ASM-3/T001015_PLC75-7-GBA_ASM-1/DOWEL_PIN_D0188_L0500-4,0.188,0.188,0.500,,-5.352,-2.905,7.750
236,T0010115_LATCH-LOCK_ASM-4/T001015_PLC75-7-GBA_ASM-1/DOWEL_PIN_D0188_L0500-1,0.188,0.188,0.500,,-6.102,-2.905,-7.750
237,T0010115_LATCH-LOCK_ASM-2/T001015_PLC75-7-GBA_ASM-1/DOWEL_PIN_D0188_L0500-1,0.188,0.188,0.500,,-6.102,1.595,-7.750
238,T0010115_LATCH-LOCK_ASM-3/T001015_PLC75-7-GBA_ASM-1/DOWEL_PIN_D0188_L0500-1,0.188,0.188,0.500,,-6.102,-1.595,7.750
239,T0010115_LATCH-LOCK_ASM-4/T001015_PLC75-7-GBA_ASM-1/DOWEL_PIN_D0188_L0500-2,0.188,0.188,0.500,,-5.352,-2.905,-7.750
240,T0010115_LATCH-LOCK_ASM-3/T001015_PLC75-7-GBA_ASM-1/DOWEL_PIN_D0188_L0500-3,0.188,0.188,0.500,,-6.102,-2.905,7.750
241,T0010115_LATCH-LOCK_ASM-1/T001015_PLC75-7-GBA_ASM-1/DOWEL_PIN_D0188_L0500-2,0.188,0.188,0.500,,-5.352,2.905,7.750
242,T0010115_LATCH-LOCK_ASM-2/T001015_PLC75-7-GBA_ASM-1/DOWEL_PIN_D0188_L0500-3,0.188,0.188,0.500,,-6.102,2.905,-7.750
243,T0010115_LATCH-LOCK_ASM-2/T001015_PLC75-7-GBA_ASM-1/DOWEL_PIN_D0188_L0500-2,0.188,0.188,0.500,,-5.352,1.595,-7.750
244,T0010115_LATCH-LOCK_ASM-4/T001015_PLC75-S_KIT_ASM-1/DOWEL_PIN-DME_D0188_L0500-1,0.188,0.188,0.500,,-10.859,-2.450,-7.780
245,T0010115_LATCH-LOCK_ASM-1/T001015_PLC75-7-GBA_ASM-1/DOWEL_PIN_D0188_L0500-4,0.188,0.188,0.500,,-5.352,1.595,7.750
246,T0010115_LATCH-LOCK_ASM-2/T001015_PLC75-S_KIT_ASM-1/DOWEL_PIN-DME_D0188_L0500-2,0.188,0.188,0.500,,-10.359,2.450,-7.780
247,T0010115_LATCH-LOCK_ASM-1/T001015_PLC75-S_KIT_ASM-1/DOWEL_PIN-DME_D0188_L0500-2,0.188,0.188,0.500,,-10.359,2.050,7.780
248,T0010115_LATCH-LOCK_ASM-4/T001015_PLC75-7-GBA_ASM-1/DOWEL_PIN_D0188_L0500-3,0.188,0.188,0.500,,-6.102,-1.595,-7.750
249,T0010115_LATCH-LOCK_ASM-1/T001015_PLC75-7-GBA_ASM-1/DOWEL_PIN_D0188_L0500-1,0.188,0.188,0.500,,-6.102,2.905,7.750
250,T0010115_LATCH-LOCK_ASM-4/T001015_PLC75-S_KIT_ASM-1/DOWEL_PIN-DME_D0188_L0500-2,0.188,0.188,0.500,,-10.359,-2.050,-7.780
251,T0010115_LATCH-LOCK_ASM-1/T001015_PLC75-S_KIT_ASM-1/DOWEL_PIN-DME_D0188_L0500-1,0.188,0.188,0.500,,-10.859,2.450,7.780
252,T0010115_LATCH-LOCK_ASM-1/T001015_PLC75-7-GBA_ASM-1/DOWEL_PIN_D0188_L0500-3,0.188,0.188,0.500,,-6.102,1.595,7.750
253,DOWEL_PIN_D0188_L0500-1,0.188,0.188,0.500,,-2.000,-4.150,0.000
254,T0010115_LATCH-LOCK_ASM-3/T001015_PLC75-S_KIT_ASM-1/DOWEL_PIN-DME_D0188_L0500-2,0.188,0.188,0.500,,-10.359,-2.450,7.780
255,T0010115_LATCH-LOCK_ASM-3/T001015_PLC75-7-GBA_ASM-1/DOWEL_PIN_D0188_L0500-2,0.188,0.188,0.500,,-5.352,-1.595,7.750
256,T0010115_LATCH-LOCK_ASM-2/T001015_PLC75-7-GBA_ASM-1/DOWEL_PIN_D0188_L0500-4,0.188,0.188,0.500,,-5.352,2.905,-7.750
257,T0010115_LATCH-LOCK_ASM-2/T001015_PLC75-S_KIT_ASM-1/DOWEL_PIN-DME_D0188_L0500-1,0.188,0.188,0.500,,-10.859,2.050,-7.780
258,T0010115_LATCH-LOCK_ASM-1/T001015_PLC75-7-GBA_ASM-1/T001015_PLC75-WBA_ASM-1/DOWEL_PIN_D0125_L0625-1,0.125,0.125,0.625,,-3.297,2.250,7.427
259,T0010115_LATCH-LOCK_ASM-2/T001015_PLC75-7-GBA_ASM-1/T001015_PLC75-WBA_ASM-1/DOWEL_PIN_D0125_L0625-1,0.125,0.125,0.625,,-3.297,2.250,-7.427
260,T0010115_LATCH-LOCK_ASM-3/T001015_PLC75-7-GBA_ASM-1/T001015_PLC75-WBA_ASM-1/DOWEL_PIN_D0125_L0625-1,0.125,0.125,0.625,,-3.297,-2.250,7.427
261,T0010115_LATCH-LOCK_ASM-4/T001015_PLC75-7-GBA_ASM-1/T001015_PLC75-WBA_ASM-1/DOWEL_PIN_D0125_L0625-1,0.125,0.125,0.625,,-3.297,-2.250,-7.427
